Pnum,NoNotes,Age,Gender,method,TestGroup,video,IDtime,Meta1,Meta2,Meta3,Meta4,Meta5,Motivetime,M1,M2,M3,Motivation,vocabtime,vocab,SDLtime,SDL,Aftime,AFOQT,Cftime,CF1,CF2,CF3,CF4,CF5,CF6,WPM,Test1time,Test1F,Test1C,Test1Tot,Test2time,Test2F,Test2C,Test2Tot,TRF,TRC,TRT,Test1MOf,Test1MOc,Test1MOt,Test2MOf,Test2MOc,Test2MOt,wordcount,overlap,CorrIUs,IncorrIUs,Efficency,Survery_Method,Survey_GPA
1,0,19,1,1,2,3,18.5625, , , , , ,7.387037,4.166667,5.833333,5.666667,2,4816.346325,50,4.921667,3.3,27.976667,5,2.44391,3.8,2.444444,3.125,3.857143,3.555556,2.888889,32.6, , , , ,5.375833,0.142857,0.166667,0.15,0.428571,0.666667,0.5, , , ,0.142857,0.166667,0.15,97,0.06,14,0,6.928571429,1,4
2,0,19,1,1,1,1,18.260833, , , , , ,5.687963,3,5.333333,4.833333,2,3747.158275,85,6.946667,2.8,42.476191,86.666667,2.61859,3.7,3.555556,3,3.285714,3.444444,3.111111,65.6,5.771111,0.5,0.666667,0.55,5.468889,0.571429,0.5,0.55,0.2,0,0.153846,0.666667,0.666667,0.666667,0.666667,0.5,0.6,87,0.08,12,1,7.25,1,5
3,0,22,0,2,1,2,29.128056, , , , , ,16.060185,4.5,5.666667,4.333333,2,12021.07375,40,11.703333,3.2,21.948333,15,4.648077,3.2,3.666667,2.875,3.714286,3.888889,3.444444,14,5.307778,0.153846,0.142857,0.15,5.973889,0.153846,0.285714,0.2,0.125,0.25,0.166667,0.1,0.142857,0.117647,0.1,0.285714,0.176471,78,0,3,2,26,1,1
4,0,18,1,2,2,1,18.115278, , , , , ,5.065741,6.5,6.333333,6.166667,1,4736.7614,60,4.15,3.3,28.6875,20,2.528846,4.1,3.555556,3.375,3.714286,4.333333,3.333333,39.4, , , , ,4.151944,0.285714,0,0.2,0.1,0.333333,0.153846, , , ,0.333333,0,0.2,44,0.18,2,0,22,1,4
5,0,20,1,2,2,4,17.482222, , , , , ,4.772222,6.5,5.833333,6.5,0,4020.91375,72.5,3.031667,4.6,45.259722,61.538462,2.761859,4.8,4.222222,3.625,4.857143,4.555556,3.777778,37.4, , , , ,12.131111,0.25,0.125,0.2,0.142857,1,0.454545, , , ,0.272727,0.125,0.210526,229,0.1,25,2,9.16,1,5
6,0,19,1,3,1,2,18.740556, , , , , ,6.47963,5.333333,5.333333,5.5,3,4365.92065,60,5.618333,3.5,39.141111,25,2.677564,3.8,3.333333,3.5,3.857143,3.666667,3.555556,54.2,4.709444,0.076923,0.142857,0.1,4.32,0.076923,0.428571,0.2,0.125,0.25,0.166667,0,0.142857,0.058824,0,0.428571,0.176471,92,0.09,3,6,30.66666667,2,5
7,0,20,1,3,2,3,20.566389, , , , , ,7.832407,6.166667,3.833333,6.5,3,6446.7956,77.5,5.471667,4.8,44.151282,71.428571,2.430128,4.9,4.555556,4.875,5,4.888889,4.777778,34.6, , , , ,13.845833,0.285714,0.333333,0.3,0.428571,1,0.6, , , ,0.285714,0.333333,0.3,217,0,30,0,7.233333333,1,5
8,0,21,1,3,1,1,16.651944, , , , , ,3.576852,7,5.833333,6.666667,1,3760.491875,62.5,2.703333,4.2,37.248958,58.823529,2.018269,4.9,4.111111,4.375,4.714286,4.777778,4.444444,54,4.180278,0.428571,0.5,0.45,3.380278,0.357143,0.333333,0.35,0.5,0.666667,0.538462,0.444444,0.333333,0.4,0.333333,0.333333,0.333333,138,0.02,16,2,8.625,2,5
9,0,19,1,2,2,3,18.131111, , , , , ,5.800926,4.666667,5.166667,6,3,4153.833075,70,4.633333,3.3,40.494048,26.666667,2.234615,4.3,3,3.5,3.714286,4,3.111111,51, , , , ,7.700556,0.285714,0.333333,0.3,0.285714,1,0.5, , , ,0.285714,0.333333,0.3,174,0.05,21,0,8.285714286,1,4
10,0,22,1,2,2,5,17.018056,85,80,3,4,3,4.328704,5,5.5,5.833333,3,3920.495075,72.5,3.546667,3.5,52.65,75,2.008654,4.4,3.222222,3.375,3.428571,3.888889,3.333333,72.6, , , , ,7.264444,0.071429,0.166667,0.1,0.4,0.6,0.5, , , ,0.071429,0.166667,0.1,339,0.04,35,2,9.685714286,1,4
11,0,24,1,1,1,4,21.341667,55,90,4,4,3,7.65463,3.166667,1,5.666667,3,6770.96875,72.5,6.858333,3.1,43.724359,57.142857,2.556731,4.4,3.666667,3.375,4,4,3.444444,43.2,7.973056,0.833333,0.625,0.75,5.850556,0.833333,0.125,0.55,0.714286,0.75,0.727273,0.818182,0.625,0.736842,0.818182,0.125,0.526316,224,0.05,26,0,8.615384615,1,4
12,0,19,1,1,2,2,17.309167,75,15,4,4,4,5.283333,5.5,3.833333,5.833333,3,3516.737,60,3.601667,3.9,34.969608,33.333333,1.832372,3.9,3.222222,3.375,3.571429,3.666667,3.888889,36.4, , , , ,6.877778,0.076923,0.142857,0.1,0,0.5,0.166667, , , ,0,0.142857,0.058824,354,0.01,20,6,17.7,1,5
13,0,21,1,3,1,3,12.755556,30,30,2,1,2,4.202778,4.5,4.833333,5.5,3,3916.328325,67.5,3.146667,3.7,19.2,25,1.966987,4.6,2.666667,4.25,4,4.222222,4.111111,66.6,1.794722,0.285714,0,0.2,1.673611,0.071429,0,0.05,0.714286,0.666667,0.7,0.285714,0,0.2,0.071429,0,0.05,131,0.02,16,0,8.1875,2,5
14,0,18,1,1,1,2,18.416111,70,90,3,4,3,5.732407,1.333333,5.5,5.666667,3,4373.4208,67.5,4.091667,4,36.903125,41.176471,2.383013,3.9,3.111111,3.375,4.142857,4.555556,2.777778,35.8,5.4725,0.384615,0.142857,0.3,3.845,0.384615,0.142857,0.3,0.25,0.5,0.333333,0.2,0.142857,0.176471,0.2,0.142857,0.176471,127,0.06,7,4,18.14285714,1,4
15,0,20,0,1,2,4,18.307222,0,70,3,5,4,5.333333,6.333333,6,5.333333,1,4415.504975,65,3.968333,4.2,32.317593,36.842105,2.385256,4.8,4.222222,3.75,3.714286,4.888889,3.111111,38.6, , , , ,11.046389,0.333333,0.125,0.25,0.714286,0.25,0.545455, , , ,0.272727,0.125,0.210526,149,0.04,9,1,16.55555556,1,4
16,0,18,0,3,1,5,13.138611,30,40,2,3,3,4.434259,6,2.833333,4.833333,1,5150.519675,80,3.158333,4.4,17.005833,40,1.94359,4.7,4.666667,3.75,5,4.777778,4.111111,30.8,3.921667,0.285714,0.166667,0.25,3.5525,0.142857,0.166667,0.15,0.2,0,0.1,0.285714,0.166667,0.25,0.142857,0.166667,0.15,43,0.07,0,0, ,1,4
17,0,22,1,3,2,4,19.280833,70,70,4,5,5,5.17037,5.333333,6.666667,5.833333,2,5481.7763,72.5,4.498334,3.6,56.321667,27.272727,2.888141,3.8,3.777778,4.125,4.142857,3.555556,3.333333,29, , , , ,13.611111,0,0.125,0.05,0.714286,0.5,0.636364, , , ,0,0.125,0.052632,129,0.06,11,0,11.72727273,2,3
18,0,23,1,1,2,1,9.826667,80,85,4,4,3,3.901852,2.5,5.166667,6.333333,3,3047.144275,67.5,3.37,3.6,11.66,30,1.839103,4.2,3.111111,4.75,4.428571,4.888889,3,46.4, , , , ,4.743333,0.285714,0.166667,0.25,0.5,1,0.615385, , , ,0.333333,0.166667,0.266667,119,0.03,8,1,14.875,2,3
19,0,18,1,2,1,3,17.503056,50,80,3,4,3,4.642593,5.5,6,6,0,5315.1063,72.5,3.405,4,34.382353,55.555556,1.883974,3.6,3.777778,2,3.714286,3.555556,2.111111,28.2,5.341944,0.428571,0.333333,0.4,3.814722,0.285714,0.5,0.35, , , ,0.428571,0.333333,0.4,0.285714,0.5,0.35, , , , , ,1,3
20,0,20,1,3,2,2,17.137778,15,15,1,1,1,4.691667,5.166667,5.666667,6.333333,3,2876.307525,45,4.83,3.5,30.97193,10,2.413462,4.5,4.444444,3.875,3.714286,4.555556,3.888889,38.8, , , , ,5.685278,0,0.285714,0.1,0.5,0,0.333333, , , ,0,0.285714,0.117647,78,0.04,3,3,26,1,4
21,0,24,1,2,1,5,15.887222,30,60,3,2,3,3.7,4.5,3.666667,5.5,3,3342.983525,47.5,4.073333,3.5,49.123611,7.692308,1.833013,3.6,3.444444,4.625,4,4.222222,4,31.4,6.518333,0.071429,0.166667,0.1,5.345,0,0.333333,0.1,0.2,0,0.1,0.071429,0.166667,0.1,0,0.333333,0.1,98,0.07,8,2,12.25,2,3
22,0,19,1,3,1,4,16.397778,80,75,4,4,4,3.62037,5.333333,4.166667,5.666667,3,3452.56905,72.5,2.891667,4.1,29.841228,50,1.942628,4.2,3.666667,3.75,3.142857,4.333333,3.888889,41.8,4.545278,0.583333,0,0.35,3.745556,0.5,0,0.3,0.714286,0.75,0.727273,0.545455,0,0.315789,0.454545,0,0.263158,101,0,4,0,25.25,1,3
23,0,19,1,2,1,4,19.621111,50,75,3,2,2,6.186111,4.333333,4.333333,6,3,5633.029325,65,4.441667,3.7,40.707143,66.666667,2.892308,3.6,3.222222,3,3.714286,4.111111,3.444444,32.6,3.879167,0.416667,0.375,0.4,4.520833,0.5,0.25,0.4,0.428571,0.75,0.545455,0.363636,0.375,0.368421,0.454545,0.25,0.368421,192,0.03,21,2,9.142857143,4,4
24,0,18,1,1,1,5,17.485833,45,85,4,5,3,4.588889,5.833333,4.333333,6.166667,3,4477.58955,67.5,3.403333,3.7,52.557576,33.333333,1.954808,4.3,3.555556,4.5,4,4.444444,4.222222,31.4,7.494167,0.142857,0,0.1,9.765833,0.142857,0,0.1,0.6,0,0.3,0.142857,0,0.1,0.142857,0,0.1,93,0.09,4,2,23.25,2,5
25,0,19,0,3,2,1,7.447222,85,85,3,2,2,2.983333,6,5,4.833333,1,3404.23475,65,2.388333,4.2,6.033333,30,1.908333,3.6,3.888889,3,3.285714,3.666667,2.777778,22.4, , , , ,2.99,0.071429,0.333333,0.15,0.3,0.666667,0.384615, , , ,0.111111,0.333333,0.2,90,0.08,4,0,22.5,1,4
26,0,21,0,3,2,5,12.206389,60,60,3,4,4,3.434259,6.5,3.833333,5.166667,1,2766.722,60,3.065,3.3,20.185833,45,1.892949,4.1,4.111111,4,3.714286,4.333333,3.333333,51.8, , , , ,2.013611,0.071429,0,0.05,0.2,0.4,0.3, , , ,0.071429,0,0.05,92,0.07,4,1,23,1,5
27,0,22,1,1,2,5,20.049444,60,50,3,4,3,5.493519,4,3.833333,4.5,3,6148.872975,67.5,6.608333,2.9,58.17,54.545455,2.470833,3.2,2.666667,2.625,3.142857,3.333333,3,33.4, , , , ,9.336667,0.071429,0.166667,0.1,0.4,0.2,0.3, , , ,0.071429,0.166667,0.1,82,0,6,2,13.66666667,1,3
28,0,22,0,2,1,1,20.62,60,30,3,2,3,7.242593,4.666667,5.166667,4.666667,2,6710.96755,42.5,5.555,2.8,27.521667,20,3.349359,3.6,3.444444,3.875,3.857143,3.222222,3.555556,10.2,5.524722,0.357143,0,0.25,8.387222,0.214286,0,0.15,0.3,0.666667,0.384615,0.444444,0,0.266667,0.222222,0,0.133333,110,0.04,3,6,36.66666667,1,4
29,0,20,1,1,1,3,17.8775,80,90,4,5,3,5.277778,6.666667,6.166667,6.5,1,3237.148075,80,4.96,3.4,29.65,60,2.826282,4,3.333333,3.875,3.571429,4.222222,2.777778,48.6,6.128611,0.428571,0.166667,0.35,4.718611,0.214286,0.5,0.3,0.428571,1,0.6,0.428571,0.166667,0.35,0.214286,0.5,0.3,159,0.04,21,0,7.571428571,1,5
30,0,19,1,2,2,2,16.529444,50,60,4,4,3,3.357407,7,5.5,6.833333,1,4375.504175,80,3.275,4,33.569608,77.777778,2.169872,4,4.555556,2.625,3.571429,3.111111,3.222222,23.4, , , , ,5.263611,0,0.285714,0,0.5,1,0.666667, , , ,0,0.142857,0.058824,390,0.04,34,15,11.47058824,1,4
31,2,21,1,1,1,2,17.140833,0,0,1,3,1,5.27963,6.333333,5.833333,5.833333,1,3313.816275,65,5.245,3.8,30.644737,35,2.536218,4.2,3.666667,4.5,4.142857,4,3.777778,4.2,6.381389,0.307692,0.428571,0.35,6.495556,0.461538,0.142857,0.35, , , ,0.1,0.428571,0.235294,0.3,0.142857,0.235294, , , , , ,1,3
32,1,22,1,2,2,2,18.996667,2,2,2,1,2,5.238889,1.5,5.166667,6.666667,3,5496.359925,72.5,3.16,5,51.60606,41.666667,3.214103,3.2,3,2.625,3.428571,4,3.111111,22.8, , , , , , , , ,0,0,0, , , , , , ,12,0,1,0,12,4,3
33,0,18,0,2,2,4,18.296389,60,50,4,5,4,5.587037,5,5.333333,5.833333,3,4735.511375,65,4.286667,4.3,44.136111,30.769231,2.23109,3.9,4.222222,3.125,3.857143,4.222222,3,62, , , , ,7.995556,0.25,0.125,0.2,0.285714,0.5,0.363636, , , ,0.181818,0.125,0.157895,117,0.05,9,0,13,1,4
34,0,18,1,3,2,3,16.086111,75,80,3,4,4,3.847222,5.666667,3.833333,6.666667,3,2896.7246,72.5,2.975,4,36.682292,64.705882,1.880128,4.6,4.444444,3.625,4.571429,4.666667,4.444444,33.6, , , , ,9.960833,0.142857,0.333333,0.2,0.285714,0.666667,0.4, , , ,0.142857,0.333333,0.2,159,0.02,20,1,7.95,1,5
35,0,20,0,3,2,1,18.406667,50,50,1,5,1,5.831482,3.666667,4.166667,5.166667,3,3985.496375,65,4.293333,2.7,45.066667,50,2.545513,3,3.888889,2.625,2.571429,2.777778,2.888889,40.6, , , , ,4.123889,0.571429,0.333333,0.5,0.4,0.333333,0.384615, , , ,0.666667,0.333333,0.533333,70,0.1,5,2,14,1,3
36,0,18,1,1,1,3,22.826944,60,40,3,4,3,7.484259,5.666667,4.666667,6,3,8153.079725,60,6.425,3.1,58.35,45.454545,3.08141,3.6,3.444444,4,3.428571,3.333333,3.666667,21.2,8.046944,0.357143,0,0.25,10.069444,0.357143,0,0.25,0.285714,0.666667,0.4,0.357143,0,0.25,0.357143,0,0.25,152,0.03,19,1,8,2,3
37,0,18,1,1,2,3,31.187778,55,55,2,5,3,7.923148,3,5.333333,5.833333,3,20112.0689,52.5,10.201667,3.1,41.077381,40,3.233654,4.3,3.222222,3.5,4.142857,3.444444,4.555556,22.4, , , , ,7.891389,0.285714,0.166667,0.25,0.571429,1,0.7, , , ,0.285714,0.166667,0.25,266,0.02,33,2,8.060606061,1,1
38,0,18,1,2,1,2,17.852222,85,100,4,4,3,4.44537,6.833333,7,5.666667,2,4050.497675,77.5,4.686667,3.9,30.336842,65,2.437179,4.3,5,4.25,4.571429,5,3.444444,44.2,6.965833,0.307692,0.428571,0.35,6.416389,0.153846,0.428571,0.25,0.625,1,0.75,0.3,0.428571,0.352941,0.1,0.428571,0.235294,208,0.01,25,4,8.32,1,5
39,1,18,0,1,1,1,19.873056,20,40,2,4,2,6.430556,5.166667,4.833333,4.166667,1,6260.541875,80,5.121666,3.5,39.448889,37.5,2.918269,3.8,3.111111,2.875,3.428571,3.222222,3,8.8,5.442222,0.5,0.333333,0.45,3.443611,0.5,0.166667,0.4,0.1,0,0.076923,0.666667,0.333333,0.533333,0.666667,0.166667,0.466667,11,0,1,0,11,1,5
40,0,18,1,1,2,2,17.945556,70,95,5,5,4,5.825926,2,4,6,3,4132.165975,85,4.041667,3.7,43.203846,85.714286,2.339423,4.6,3.444444,4,3.857143,3.666667,4.222222,31.6, , , , ,8.229167,0.076923,0.857143,0.35,0.25,0.75,0.416667, , , ,0,0.714286,0.294118,187,0.04,20,2,9.35,1,5
41,0,19,1,3,1,2,17.974722,85,99,4,5,4,5.958333,7,5.666667,6.166667,1,4722.59445,60,4.658333,4,29.360833,20,2.573397,3.5,3.777778,1.75,3.571429,3.888889,2.333333,34.8,4.690556,0.615385,0.428571,0.55,4.825556,0.538462,0.428571,0.5,0.875,0.75,0.833333,0.6,0.428571,0.529412,0.4,0.428571,0.411765,164,0.04,12,2,13.66666667,1,4
42,0,18,0,1,2,1,16.066111,80,90,4,4,4,4.482407,5.833333,3,5.833333,0,3113.812275,47.5,3.888333,3.6,27.789167,50,2.208013,3.4,3.333333,3.875,3.142857,2.888889,3.444444,31.6, , , , ,1.765278,0.142857,0.166667,0.15,0.5,0.666667,0.538462, , , ,0.111111,0.166667,0.133333,122,0.04,12,0,10.16666667,1,4
43,0,19,1,2,1,5,20.717778,80,90,4,5,3,7.810185,5.666667,4.833333,4.333333,1,5170.1034,75,6.946667,3.7,46.733333,76.923077,3.308654,4.4,3.666667,4,3.714286,4,3.333333,41.8,10.358889,0.428571,0,0.3,5.476389,0.357143,0.166667,0.3,0.4,1,0.7,0.428571,0,0.3,0.357143,0.166667,0.3,191,0,16,1,11.9375,1,5
44,1,23,1,1,1,4,11.943611,20,2,1,1,1,9.121296,5.166667,5.166667,5.666667,3,3081.7283,37.5,7.63,3.4,5.253333,10,4.030769,3.4,2.666667,3.375,4.571429,3.888889,4.111111,8.6,3.819444,0.166667,0,0.1,4.370278,0.166667,0.125,0.15,0.142857,0,0.090909,0.090909,0,0.052632,0.090909,0.125,0.105263,32,0,2,0,16,4,4
45,1,44,0,3,1,1,17.3875,100,100,3,5,4,5.42963,5,4.666667,6.333333,3,3887.57775,62.5,5.783333,3.7,36.896875,41.176471,1.910577,4.3,3.888889,3.75,5,5,4.111111,12.8,5.032222,0.285714,0,0.2,5.257778,0.214286,0.166667,0.2,0,0.333333,0.076923,0.333333,0,0.2,0.333333,0,0.2,40,0,2,2,20,1,3
46,0,18,1,1,1,5,17.675556,60,85,4,4,3,5.363889,5.833333,5,6.166667,3,4866.764,72.5,3.425,3.3,36.586458,35.294118,1.797436,4.1,3.888889,3.375,3.857143,4.222222,3.555556,51.6,5.330556,0.428571,0.166667,0.35,3.441944,0.214286,0.166667,0.2,0.4,0,0.2,0.428571,0.166667,0.35,0.214286,0.166667,0.2,140,0.05,6,5,23.33333333,2,4
47,0,19,1,3,1,3,16.401667,80,85,4,4,4,5.514815,4,3.666667,4.5,3,5366.774,65,4.798333,2.8,24.291667,50,2.296154,3.9,2.888889,3.5,3.571429,3.666667,3.333333,30.8,2.856667,0.357143,0.166667,0.3,3.837778,0.285714,0.166667,0.25,0.285714,0.333333,0.3,0.357143,0.166667,0.3,0.285714,0.166667,0.25,104,0.07,15,0,6.933333333,1,5
48,0,21,0,1,1,1,18.461389,75,80,4,5,4,4.916667,3.333333,5.5,5.166667,2,4938.848775,82.5,4.283333,3.6,31.110526,45,2.478846,3.5,3.111111,3.5,3.857143,3.111111,2.222222,50.2,2.628056,0.5,0,0.35,3.095833,0.428571,0,0.3,0.8,0.333333,0.692308,0.666667,0,0.4,0.555556,0,0.333333,141,0.05,14,0,10.07142857,2,5
49,0,21,0,1,2,2,11.34,70,75,3,4,4,5.59537,4.166667,5.666667,5.833333,3,4451.7557,60,3.771667,3.4,9.789167,15,2.364744,3.3,2.666667,3.25,3.857143,2.777778,2.777778,30.4, , , , ,8.724722,0.307692,0.285714,0.3,0.75,0.25,0.583333, , , ,0.3,0.285714,0.294118,135,0,9,3,15,2,3
50,0,19,0,3,2,2,15.899722,85,90,4,3,3,4.893519,5.666667,5.833333,6,3,3718.824375,50,6.508333,3.9,25.179167,30,2.353846,3.9,4.111111,3.625,3.571429,4.222222,4.111111,24.4, , , , ,10.225,0.076923,0,0.05,0.125,0.5,0.25, , , ,0,0,0,69,0.04,7,0,9.857142857,1,4
51,0,18,1,2,1,2,8.541389,80,95,4,4,4,5.12963,5,6.166667,5,2,5296.355925,72.5,2.935,3.5,4.505833,5,1.488141,3.5,3.777778,3,3.285714,3.444444,3.222222,62.8,5.32,0.461538,0.714286,0.55,6.07,0.461538,0.857143,0.6,0.5,0.75,0.583333,0.5,0.714286,0.588235,0.5,0.857143,0.647059,296,0.02,21,1,14.0952381,1,5
52,0,18,1,2,1,5,18.732222,40,80,4,5,3,5.336111,5.166667,5.833333,5,2,4724.26115,72.5,4.695,3.5,49.15,30.769231,2.66859,3.5,3.555556,3.375,4,4.666667,3.222222,43,5.579167,0.214286,0.166667,0.2,6.381667,0.071429,0.166667,0.1,0.4,0.4,0.4,0.214286,0.166667,0.2,0.071429,0.166667,0.1,112,0.06,5,3,22.4,1,5
54,0,24,1,1,1,2,19.855833,70,80,4,4,3,7.071296,3.666667,3,5.166667,3,6130.95595,60,4.288333,4.2,50.172727,50,2.61891,3.1,4.111111,2.875,3.428571,2.111111,3,30.4,9.073889,0.230769,0.571429,0.35,8.020556,0.153846,0.142857,0.15,0.25,1,0.5,0.2,0.571429,0.352941,0.1,0.142857,0.117647,130,0.05,10,2,13,1,4
55,0,24,1,1,2,5,19.714167,60,50,3,4,3,4.727778,3.833333,5.333333,6,3,5919.28505,75,5.343333,3.4,47.790278,61.538462,2.710897,3.2,3.111111,3.625,3.571429,3.888889,3.333333,33.8, , , , ,10.041111,0,0,0,0.4,0.8,0.6, , , ,0,0,0,225,0.04,14,4,16.07142857,1,5
56,0,20,1,2,1,3,16.115556,50,50,3,4,3,3.683333,4.333333,3.5,6.166667,3,3637.989425,70,3.225,3.4,28.021667,35,2.221795,4.5,3.666667,3.25,3.571429,3.666667,2.888889,52.2,2.566944,0.428571,0,0.3,2.828611,0.285714,0,0.2,0.285714,0,0.2,0.428571,0,0.3,0.285714,0,0.2,184,0.07,23,0,8,2,5
57,0,18,1,2,2,2,20.937222,80,90,3,2,2,6.937037,3.666667,5.5,5.5,0,5919.701725,70,6.118333,3.4,35.251042,17.647059,3.148077,3.2,2.555556,3.375,3.571429,3.555556,2.444444,34.8, , , , ,12.281944,0.307692,0,0.2,0.25,0.5,0.333333, , , ,0.3,0,0.176471,326,0.03,17,5,19.17647059,1,2
61,0,18,1,1,2,4,10.168056,85,85,4,4,3,3.244445,5.5,6.666667,6.5,2,3413.4016,70,2.638333,4.3,13.459167,40,1.712821,3.7,4.888889,2.125,3.714286,4.444444,3.444444,37.8, , , , , , , , ,0.571429,0.5,0.545455, , , , , , ,127,0.05,14,2,9.071428571,2,3
62,1,18,1,2,1,1,17.566944,30,70,3,5,2,4.105556,4.333333,5,5.5,3,5411.7749,67.5,3.215,3.8,41.217857,46.666667,1.889103,3.7,3.444444,3.5,4.142857,4,3.444444,32,4.444167,0.071429,0,0.05,4.418889,0.142857,0,0.1,0.1,0,0.076923,0.111111,0,0.066667,0.222222,0,0.133333,64,0,6,1,10.66666667,1,4
63,0,19,1,3,1,4,18.645556,75,80,3,5,4,5.376852,6.833333,6,6.166667,1,4120.499075,70,5.241667,3.4,31.477083,23.529412,2.721474,3.6,3.555556,3.25,4,4.222222,2.888889,36.6,5.465278,0.416667,0.5,0.45, ,0.583333,0,0.35,0.428571,0.5,0.454545,0.363636,0.5,0.421053,0.545455,0,0.315789,85,0.07,9,0,9.444444444,1,3
64,0,24,0,3,1,4,18.856667,60,80,3,3,2,5.294445,5.166667,6.333333,4,2,6018.037025,85,3.773333,3.6,40.865476,60,2.678846,3.5,3.444444,2,4,3.666667,2.333333,157.6,5.671667,0.333333,0.125,0.25,4.095278,0.333333,0.25,0.3,0.714286,0.5,0.636364,0.272727,0.125,0.210526,0.272727,0.25,0.263158,121,0.02,6,0,20.16666667,1,3
65,0,20,0,3,1,2,16.116389,30,100,3,4,3,4.913889,6.333333,3.833333,4.833333,1,3860.493875,82.5,4.128333,3.9,28.043333,90,1.737179,3.9,3.777778,3.875,4,4,3.777778,34.6,3.811111,0.230769,0,0.15, ,0.307692,0.571429,0.4,0.125,0.75,0.333333,0.2,0,0.117647,0.2,0.571429,0.352941,60,0.07,5,0,12,1,5
66,0,21,0,2,2,4,15.815278,85,99,3,5,4,3.716667,6.666667,6,6.833333,3,4345.503575,75,3.058333,4.7,26.014167,35,2.678205,4,4.333333,3,4.285714,4.222222,3.444444,60, , , , ,6.94,0.333333,0.125,0.25,0.428571,0.5,0.454545, , , ,0.272727,0.125,0.210526,170,0.06,16,1,10.625,2,3
67,0,20,1,2,2,1,25.132222,50,50,2,4,2,9.905556,6.166667,5.333333,6,1,9431.02195,50,7.763333,3,64.805556,20,3.964744,3.6,3.444444,1.75,4.285714,3.111111,2.222222,26.4, , , , , ,0.142857,0,0.1,0.1,0.666667,0.230769, , , ,0.222222,0,0.133333,76,0,3,0,25.33333333,1,4
68,0,21,0,3,1,5,19.272222,60,20,3,4,3,6.782407,2.333333,4.5,5.333333,3,4246.334925,75,4.583333,3.8,37.116667,64.705882,2.984936,2.9,3.666667,2.875,3.428571,3.444444,2.888889,29.4,6.103611,0.357143,0,0.25,4.728611,0.428571,0,0.3,0.4,0.4,0.4,0.357143,0,0.25,0.428571,0,0.3,80,0.05,6,1,13.33333333,1,4
69,0,18,0,2,1,3,21.504444,40,60,3,5,3,6.676852,5.333333,5.833333,5.333333,2,7303.062725,57.5,7.11,2.6,27.9825,20,3.185577,2.8,3.111111,3.125,3,3.666667,3.333333,41.8,3.501944,0.357143,0.333333,0.35, ,0.214286,0,0.15,0.714286,0.333333,0.6,0.357143,0.333333,0.35,0.214286,0,0.15,202,0.04,27,0,7.481481481,1,3
70,0,22,1,2,2,5,17.002222,80,80,4,4,3,4.336111,1.833333,6,4.666667,2,3861.327225,65,3.53,3.3,37.836667,43.75,2.219231,2.4,2.777778,2.625,3.142857,3.111111,3.111111,55.2, , , , ,6.366944,0.142857,0,0.1,0.4,0.2,0.3, , , ,0.142857,0,0.1,120,0.03,6,2,20,2,4
72,0,19,1,3,2,4,21.803611,90,100,5,4,4,6.572222,4.333333,4.333333,6.5,3,9463.105925,65,3.723333,5,64.15,77.777778,2.744231,4.8,4.222222,4.875,4.714286,4.777778,4.333333,0, , , , ,11.996111,0.166667,0.25,0.2,0.285714,0.25,0.272727, , , ,0.181818,0.25,0.210526,162,0.08,14,0,11.57142857,1,5
74,0,21,1,2,1,4,18.018611,85,100,4,4,4,4.530556,4.5,6.166667,6.333333,3,5065.93465,60,4.326667,3.5,31.346491,35,2.270833,3.5,3.222222,2,3.142857,2.888889,2.111111,34,4.241667,0.5,0.125,0.35, , , , ,0.571429,0.5,0.545455,0.363636,0.25,0.315789, , , ,123,0.05,12,1,10.25,3,4
75,0,19,1,3,2,2,19.528611,50,75,3,5,4,5.937037,5.5,6.666667,4.833333,2,4459.25585,67.5,6.435,3.5,41.721428,40,2.788462,3.7,3.777778,3.75,4.142857,4.111111,2.888889,34.8, , , , ,11.054167,0.153846,0.571429,0.3,0.375,1,0.583333, , , ,0.1,0.571429,0.294118,193,0.02,11,1,17.54545455,2,4
76,1,18,1,3,2,1,20.49,80,90,3,3,4,7.10463,2.5,6.333333,5.666667,2,6732.217975,62.5,4.56,3.3,58.53,45.454545,2.904808,3.5,3,2.375,3.857143,3.666667,2.333333,2.4, , , , ,3.264722,0.142857,0,0.1,0,0.666667,0.153846, , , ,0.222222,0,0.133333,37,0,3,1,12.33333333,1,4
77,0,21,1,2,2,3,18.98,85,90,3,3,3,5.45463,5.166667,6,5.5,2,4790.512475,67.5,4.711667,2.8,58.515,27.272727,2.638141,3.6,3.111111,4,3.857143,3.222222,3.444444,49.2, , , , ,5.027222,0.071429,0.333333,0.15,0.428571,0.666667,0.5, , , ,0.071429,0.333333,0.15,246,0.04,26,0,9.461538462,1,4
78,0,21,1,2,2,1,19.64,75,90,5,5,4,5.385185,5.833333,6.333333,6.666667,3,6140.539475,80,4.943333,3.9,50.695454,50,2.463782,4.5,3.444444,4.125,4.571429,4.444444,4,49.2, , , , ,5.7675,0.214286,0.333333,0.25,0.3,1,0.461538, , , ,0.222222,0.333333,0.266667,476,0.35,38,2,12.52631579,4,3
80,0,19,0,3,2,3,15.315556,70,80,4,4,3,3.568518,5,5.833333,4.666667,2,3662.156575,65,2.943333,3.4,27.745833,35,1.620833,3.7,3.444444,2.875,3.142857,4,2.777778,37.8, , , , ,4.357222,0.071429,0.333333,0.15,0.428571,1,0.6, , , ,0.071429,0.333333,0.15,257,0.02,28,5,9.178571429,1,4
81,0,18,1,2,2,5,18.576944,70,80,4,5,3,5.486111,4.166667,4.833333,5,3,6106.372125,67.5,5.445,3.5,27.058333,30,2.289103,4.7,3.777778,4.5,4.571429,4.666667,4.111111,37.2, , , , ,9.653333,0.142857,0,0.1,0.6,0.4,0.5, , , ,0.142857,0,0.1,111,0.14,5,1,22.2,1,3
82,0,19,1,2,1,1,12.190556,70,80,4,5,3,4.803704,5.833333,6,6.166667,3,3608.822175,65,3.165,4.3,16.021667,55,2.557372,4.5,3.777778,3,4,4,2.888889,41.6,3.985833,0.142857,0,0.1,2.793611,0.142857,0,0.1,0.5,1,0.615385,0.111111,0.166667,0.133333,0.111111,0,0.066667,256,0.11,25,3,10.24,1,5
83,0,20,1,1,2,4,18.426667,70,70,3,4,3,4.809259,5.166667,4.166667,5.833333,3,5375.1075,67.5,4.015,3.5,43.117949,35.714286,2.214423,3.9,3.666667,4.625,3.857143,4.111111,3.888889,33.6, , , , ,5.886111,0.333333,0.25,0.3,0.571429,0.75,0.636364, , , ,0.272727,0.25,0.263158,129,0.08,14,0,9.214285714,1,4
84,0,19,1,2,2,3,18.853056,80,85,4,4,4,5.626852,6.5,6.5,6.166667,0,4481.339625,72.5,6.336667,3.7,42.053572,20,2.342628,3.5,4.222222,3.125,3.285714,3.222222,2.777778,57.8, , , , ,5.766944,0.071429,0.166667,0.1,0.428571,1,0.6, , , ,0.071429,0.166667,0.1,252,0.02,27,0,9.333333333,2,5
85,0,18,1,1,1,5,17.395278,50,50,3,1,2,4.881482,3.833333,3.166667,4.666667,3,4097.58195,55,3.323333,3.5,37.272917,35.294118,2.061218,3.1,3.222222,2.625,2.714286,3.222222,3.111111,18.2,4.526111,0.285714,0.166667,0,3.904722,0.214286,0.166667,0.2,0.4,0,0.2,0.285714,0.166667,0,0.214286,0.166667,0.2,150,0.04,9,3,16.66666667,1,3
86,0,19,1,3,1,1,14.8125,90,90,4,5,4,5.17037,2.833333,4.833333,5.333333,3,4849.680325,62.5,5.168333,3.7,19.715833,5,2.061538,4,2.555556,1.875,4,3.666667,3.222222,42.6,3.412778,0.428571,0,0.3,2.486389,0.428571,0.166667,0.35,0.5,0.666667,0.538462,0.444444,0,0.266667,0.444444,0.166667,0.333333,178,0.02,14,4,12.71428571,2,3
87,0,23,1,3,1,3,9.068611,70,25,3,2,2,5.544444,4.666667,5.666667,4.833333,2,3593.821875,70,4.235,2.3,5.488333,0,2.582372,3.9,3.888889,2.375,3.285714,3.555556,3.111111,40.6,3.296944,0.214286,0.166667,0.2,2.430278,0.142857,0,0.1,0.714286,0.666667,0.7,0.214286,0.166667,0.2,0.142857,0,0.1,235,0.01,21,4,11.19047619,2,3
88,0,20,1,3,1,5,12.481111,60,90,4,4,5,4.398148,6.666667,2,6.833333,3,6178.4569,70,2.403333,5,12.425833,20,2.261859,4.4,4.444444,3.875,3,5,3.666667,36,2.421111,0,0,0,1.625833,0,0,0,0.6,0.6,0.6,0,0,0,0,0,0,139,0.02,7,3,19.85714286,1,3
89,0,19,1,3,2,4,17.991667,25,70,3,4,3,6.087037,2.833333,5.166667,5.166667,0,4160.0832,65,4.655,4,29.091667,40,2.751282,3.7,3.333333,1.625,3.142857,4,2.888889,32.4, , , , ,5.065833,0.083333,0.25,0.15,0.428571,0.25,0.363636, , , ,0.090909,0.125,0.105263,49,0.06,8,0,6.125,2,3
90,0,19,1,1,1,3,12.444167,40,20,3,3,2,4.891667,6.5,6.5,5,0,5420.1084,62.5,3.971667,3.7,9.245,15,2.891346,3.9,3.333333,3.625,3.428571,3.222222,4,34.6,4.255833,0.071429,0,0.05, , , , ,0.285714,0.333333,0.3,0.071429,0,0.05, , , ,70,0,9,0,7.777777778,1,4
91,0,20,1,3,2,1,15.434444,75,80,3,3,3,3.60463,4.666667,4.666667,6,3,3352.983725,60,1.976667,4.1,29.309167,30,1.995192,4,2.444444,3.625,4.142857,3.777778,3.777778,57.6, , , , , , , , ,0.5,1,0.615385, , , , , , ,46,0.11,4,0,11.5,1,5
92,0,20,1,1,2,1,18.459722,70,80,4,4,4,5.37963,5.333333,5.166667,5.666667,3,4263.001925,62.5,4.926667,3.5,52.665151,41.666667,2.498718,3.7,4.111111,3.375,3.714286,3.444444,3.555556,29.4, , , , ,4.954167,0.285714,0.166667,0.25,0.5,1,0.615385, , , ,0.333333,0.166667,0.266667,115,0.06,8,0,14.375,1,3
93,0,21,1,3,1,4,15.446111,30,50,3,4,2,5.902778,4,5.166667,3.5,2,4543.4242,55,3.558333,3.8,22.585833,20,1.801603,4.1,3.888889,3.75,4,4,2.777778,53,4.1875,0.166667,0,0.1,2.559167,0.166667,0.125,0.15,0.571429,0.5,0.545455,0.090909,0,0.052632,0.090909,0.125,0.105263,81,0,6,0,13.5,1,4
94,0,18,1,1,2,3,16.877778,40,90,4,5,3,4.87037,1.333333,5,6.333333,3,3450.069,67.5,3.885,4.7,29.594167,50,2.592628,2.1,2.111111,1.875,4.142857,2,3,36.4, , , , ,6.253333,0.285714,0,0.2,0.285714,0.666667,0.4, , , ,0.285714,0,0.2,99,0.03,11,1,9,1,3
95,0,19,1,2,1,5,19.272222,30,50,3,4,3,7.013889,5.666667,4.5,6.5,3,6108.4555,57.5,5.51,4,26.2025,25,3.342308,4.1,4.555556,3.5,4.285714,4.777778,4.222222,1.2,8.498611,0.142857,0,0.1,16.288056,0.142857,0,0.1,0.2,0.4,0.3,0.142857,0,0.1,0.142857,0,0.1,119,0.07,6,1,19.83333333,1,3
96,0,19,0,3,1,5,25.941389,45,70,2,4,2,7.726852,2.5,5.166667,6.333333,3,9705.610775,77.5,9.598333,3.9,38.534445,31.25,5.217308,3.3,3.666667,2.125,3.285714,2.333333,2.888889,38.8,10.067222,0.142857,0,0.1,8.337778,0.071429,0.333333,0.15,0.2,0.2,0.2,0.142857,0,0.1,0.071429,0.333333,0.15,118,0.05,13,1,9.076923077,2,4
97,0,18,1,3,2,2,25.400556,50,40,3,4,3,6.637963,6,5.833333,6.333333,3,13884.44435,80,5.79,3.8,92.691667,42.857143,2.522756,3.3,4.444444,1.75,3,2.777778,2.333333,25.6, , , , ,13.461111,0,0,0,0.5,0,0.333333, , , ,0,0,0,135,0.06,8,3,16.875,1,3
98,0,32,0,1,2,4,20.161944,90,90,5,5,4,6.243518,5.333333,4.333333,6.833333,3,5779.28225,67.5,5.91,4.2,48.912121,75,3.139102,3.5,4.333333,3.5,4.142857,4.333333,3.222222,43.4, , , , ,7.592778,0.25,0.125,0.2,0.571429,1,0.727273, , , ,0.181818,0.125,0.157895,137,0.04,12,0,11.41666667,3,4
99,0,20,1,2,2,2,21.206944,50,75,3,5,4,5.960185,5.5,5.5,6.166667,3,6781.385625,72.5,7.865,3.2,45.291667,23.076923,3.069872,3.9,3.666667,3.375,4.285714,4.555556,3.444444,34.6, , , , ,8.414167,0,0.142857,0.05,0.25,0.75,0.416667, , , ,0,0.142857,0.058824,147,0.07,11,4,13.36363636,1,4
100,0,21,0,3,2,5,17.297222,75,90,4,5,4,4.108333,6,6,6.833333,3,3820.90975,80,3.788333,4.1,37,76.470588,2.551603,3.9,3.666667,3.5,3.571429,3.777778,3.555556,58.8, , , , ,6.4075,0.142857,0.166667,0.15,0.4,0.2,0.3, , , ,0.142857,0.166667,0.15,104,0.06,11,1,9.454545455,2,5
101,0,19,1,1,1,2,17.730278,50,80,4,4,4,4.237963,5.166667,6.833333,6.166667,2,3950.495675,82.5,3.443333,4.1,49.442424,58.333333,2.622756,3.6,2.555556,1.875,3.857143,3.444444,2.111111,51.6,6.660833,0.307692,0.285714,0.3,7.029167,0.461538,0.714286,0.55,0.5,0.75,0.583333,0.2,0.285714,0.235294,0.3,0.714286,0.470588,174,0.05,9,2,19.33333333,2,4
102,0,24,1,3,1,2,22.527778,30,40,3,3,2,7.049074,5.333333,4.666667,3.666667,1,6239.29145,60,5.71,3.3,44.328205,21.428571,3.696154,3,2.777778,3.5,3.285714,3.555556,3.111111,98.8,3.768333,0,0,0,5.402222,0,0.142857,0.05,0.125,0.25,0.166667,0,0,0,0,0.142857,0.058824,48,0,0,0, ,2,4
103,0,19,0,1,1,3,16.694722,85,90,4,4,3,4.333333,3.166667,3.833333,4.166667,3,2963.809275,80,4.835,3.2,38.965556,75,1.957051,2.4,2.666667,2.5,2.428571,2.333333,3.333333,48.4,5.751944,0.571429,0,0.4,5.886944,0.357143,0,0.25,0.857143,1,0.9,0.571429,0,0.4,0.357143,0,0.25,192,0.04,24,1,8,1,3
104,0,20,1,1,1,4,7.768056,85,90,3,5,3,4.799074,3.666667,5.333333,5.5,3,4155.499775,60,3.625,4.3,4.843333,25,1.352885,2.7,3.666667,2.5,3.142857,3.333333,2.888889,25.4,4.9325,0.75,0,0.45,3.653889,0.5,0.125,0.35,0.857143,0.75,0.818182,0.727273,0,0.421053,0.454545,0.125,0.315789,266,0,12,0,22.16666667,1,3
105,0,18,1,3,2,4,14.3375,60,60,3,4,3,4.448148,6.166667,5.833333,6.166667,0,4405.92145,55,2.898333,3.9,23.696667,20,1.7875,3.6,4,3,4,3.777778,3,39.6, , , , ,12.476667,0.416667,0,0.25,0.714286,0.25,0.545455, , , ,0.454545,0,0.263158,129,0.02,8,0,16.125,2,4
106,0,21,0,1,1,1,19.7625,15,15,1,1,3,6,5.666667,4.5,6.5,3,5082.184975,55,4.753333,4.2,29.008333,25,2.7125,4.3,3.666667,3.25,4.285714,3.888889,3.777778,40.4,13.905,0.857143,0.166667,0.65,10.429444,0.5,0,0.35,0.1,0,0.076923,0.888889,0.166667,0.6,0.666667,0,0.4,25,0.12,4,1,6.25,1,4
107,0,21,1,1,2,5,18.779444,25,75,3,4,3,6.209259,5,5.833333,5.166667,2,3935.91205,70,4.35,2.5,50.610606,33.333333,3.111859,3.2,3.444444,2.75,3.428571,4,3.111111,33.4, , , , ,6.761389,0.071429,0,0.05,0.4,0.4,0.4, , , ,0.071429,0,0.05,129,0.06,8,4,16.125,2,3
108,0,21,1,2,2,3,17.158056,90,95,4,4,4,4.857407,3.5,5.166667,6.333333,3,3926.328525,65,3.301667,3.7,33.960784,38.888889,2.008974,3.8,3.333333,3.75,4.142857,3.444444,3.444444,33, , , , ,4.455278,0.071429,0,0.05,0.285714,0.666667,0.4, , , ,0.071429,0,0.05,108,0.2,13,1,8.307692308,1,3
109,0,20,1,2,2,5,15.432222,50,50,3,1,3,3.949074,4.5,5.333333,4.666667,2,2533.384,57.5,3.066667,2.9,28.355,10,2.210256,4.6,2.666667,4.25,4.142857,4.444444,3.444444,56.2, , , , ,2.695556,0.071429,0,0.05,0.4,0,0.2, , , ,0.071429,0,0.05,132,0.05,9,4,14.66666667,1,4
110,1,20,0,2,1,1,19.568056,30,60,3,2,3,5.131481,5,5.833333,5,2,6232.62465,72.5,5.246667,3,45.70641,57.142857,2.570833,3.1,4.111111,3.375,3.571429,3.333333,4.333333,48.4,3.999167,0.214286,0,0.15,3.089722,0.142857,0.166667,0.15,0.1,0.333333,0.153846,0.222222,0,0.133333,0.222222,0.166667,0.2,67,0.07,5,0,13.4,1,4
111,0,19,1,3,2,3,17.991111,15,15,3,2,2,6.033333,2.5,4.666667,4.833333,3,4463.839275,65,4.033333,3.3,37.782222,50,2.084615,2.4,2.666667,2.875,2.714286,3.333333,2.888889,49.4, , , , ,4.451944,0.214286,0,0.15,0.285714,0.666667,0.4, , , ,0.214286,0,0.15,97,0.07,15,0,6.466666667,1,3
112,0,20,1,1,2,2,21.354167,75,90,4,5,4,5.637037,4.333333,5.666667,6.166667,3,7690.570475,77.5,5.388333,4,49.580303,66.666667,3.247436,4.3,4.222222,4.5,4.714286,4.777778,4,32.4, , , , ,7.853611,0.153846,0.285714,0.2,0.375,1,0.583333, , , ,0,0.285714,0.117647,155,0.03,9,1,17.22222222,1,3
113,0,19,1,2,2,1,16.769444,50,70,3,4,3,3.547222,6,5.666667,6.166667,3,4025.497175,75,4.135,3.3,42.028571,40,1.879167,3.6,3.555556,3.75,3.714286,4,3.666667,42.4, , , , ,3.805,0.285714,0.333333,0.3,0.5,0,0.384615, , , ,0.333333,0.333333,0.333333,106,0.04,7,0,15.14285714,1,5
114,1,19,0,1,1,5,20.581389,40,50,3,5,2,5.368519,5.166667,4.333333,6.333333,3,7129.725925,65,3.205,4.4,37.352083,41.176471,2.941346,3.5,3.444444,3.25,4.285714,4.111111,3.222222,28.8,9.508611,0.214286,0,0.15,6.393056,0.285714,0,0.2,0.2,0,0.1,0.214286,0,0.15,0.285714,0,0.2,67,0.04,3,5,22.33333333,1,5
115,0,25,1,3,1,1,26.064167,75,90,2,4,2,6.440741,2.5,5.166667,6,3,14621.54243,50,5.805,2.9,82.933333,0,2.752564,3.6,3.111111,3.75,4,4.111111,3.222222,22.6,8.373056,0.142857,0.166667,0.15,7.769444,0.071429,0,0.05,0.3,0.333333,0.307692,0.222222,0.166667,0.2,0.111111,0,0.066667,55,0.11,3,0,18.33333333,1, 
116,0,21,1,2,1,3,18.371389,50,60,3,3,2,5.717593,6.333333,6.5,6.333333,2,4378.004225,45,5.576667,3.7,28.353333,20,1.992628,3.1,2.888889,3.125,2.571429,2.555556,3.111111,0,5.718333,0.142857,0,0.1,5.891667,0.142857,0.166667,0.15,0.428571,0,0.3,0.142857,0,0.1,0.142857,0.166667,0.15,185,0.02,17,2,10.88235294,1,5
117,0,21,1,2,1,4,28.650556,35,40,2,2,1,13.006482,4.166667,5.166667,5.5,3,10004.36675,60,11.523333,3.5,55.978333,27.272727,5.316987,3.2,3.666667,4,4,4,3.444444,11.8,2.908333,0.333333,0,0.2,3.568333,0.25,0,0.15,0.571429,0.25,0.454545,0.272727,0,0.157895,0.181818,0,0.105263,54,0.06,4,0,13.5,1,4
118,0,21,1,2,1,2,20.547222,40,80,3,4,3,8.642593,5.666667,5.166667,5.833333,3,6350.127,40,6.101667,3.8,23.850833,25,2.815064,3.6,3.444444,2.875,4,3.111111,2.777778,17.2,6.083333,0.076923,0,0.05,5.903889,0,0,0,0.125,0.25,0.166667,0.1,0,0.058824,0,0,0,57,0,0,0, ,2,5
119,0,18,1,2,2,4,17.734444,90,100,4,5,4,4.94537,4.833333,5.333333,4.833333,2,3960.495875,72.5,4.661667,3,39.332222,56.25,2.324359,3.9,4,3.375,3.714286,3.555556,2.666667,57.6, , , , ,5.495556,0.333333,0.125,0.25,0,0,0, , , ,0.272727,0.125,0.210526,0,0,0,0, ,3,5
120,0,19,1,3,1,3,17.62,80,80,4,5,4,4.485185,7,3.833333,7,0,4739.26145,70,4.098333,3.8,37.284444,56.25,2.072115,3.7,3.888889,3.125,4,4,3.777778,46.6,6.875833,0.5,0.5,0.5,4.713333,0.428571,0.333333,0.4,0.857143,1,0.9,0.5,0.5,0.5,0.428571,0.333333,0.4,338,0.01,32,4,10.5625,1,5
121,0,21,1,2,1,1,18.538056,40,40,3,2,3,4.951852,5.833333,5.833333,5.333333,0,4785.0957,82.5,4.971667,3.7,42.094048,60,2.882051,3.6,4.444444,4.625,5,4.555556,3.444444,28,3.629167,0.285714,0.166667,0.25,4.703333,0.285714,0.166667,0.25,0.2,0,0.153846,0.333333,0.166667,0.266667,0.333333,0.166667,0.266667,86,0.08,8,1,10.75,1,4
122,0,18,1,3,1,5,17.3425,75,85,3,1,3,5.768519,3.333333,3.166667,6.166667,3,3605.0721,62.5,4.238333,3.5,31.167544,30,2.434936,3.9,3.444444,2.5,3.857143,3.888889,3.333333,38.8,4.300556,0.214286,0,0.15,3.887778,0.285714,0.166667,0.25,0.2,0,0.1,0.214286,0,0.15,0.285714,0.166667,0.25,61,0,0,3, ,3,3
123,0,18,1,1,2,3,17.046944,60,90,3,5,3,4.371296,5.666667,6.5,6.5,0,4276.7522,45,3.313333,3.6,37.019792,29.411765,2.044231,4,3.555556,2.75,3.857143,4.222222,2.333333,35.6, , , , ,6.4425,0.071429,0.333333,0.15,0.428571,1,0.6, , , ,0.071429,0.333333,0.15,92,0.07,12,1,7.666666667,2,3
124,0,21,1,1,1,2,20.018333,75,90,4,4,3,6.474074,5,4.666667,7,3,5063.017925,52.5,5.001667,3.6,48.791667,46.153846,2.477564,4.4,4,3.5,3.857143,4.222222,3.555556,53,6.025833,0.230769,0.428571,0.3,7.473333,0.153846,0,0.1,0.375,1,0.583333,0.2,0.428571,0.294118,0.1,0,0.058824,193,0.04,14,0,13.78571429,2,3
125,0,21,1,1,2,1,12.624444,10,50,4,4,4,4.558333,6.333333,3.5,5.666667,1,3152.56305,72.5,3.638333,4.4,18.3,35,1.842628,4.1,4.222222,3.375,4,4.666667,3.777778,37, , , , ,4.026667,0.214286,0.166667,0.2,0.1,0,0.076923, , , ,0.333333,0.166667,0.266667,97,0,8,1,12.125,1,5
126,0,20,0,1,2,4,24.52,80,100,3,4,3,9.378704,5.833333,5.333333,6,3,7824.32315,75,7.49,3.7,84.271428,37.5,4.262179,4.3,3.555556,2.875,3.571429,3.888889,3.444444,22.4, , , , ,10.753611,0.416667,0.25,0.35,0.428571,0,0.272727, , , ,0.363636,0.25,0.315789,81,0.07,8,1,10.125,1,3
127,0,19,1,2,2,1,12.184167,45,60,2,3,3,4.219444,5,5.5,4.833333,2,3142.979525,60,3.518333,3,16.951667,20,2.464423,3.9,2.888889,4,3.571429,3.444444,3.222222,37, , , , ,5.3175,0.357143,0.333333,0.35,0.4,0.666667,0.461538, , , ,0.444444,0.333333,0.4,172,0.03,15,1,11.46666667,1,4
128,0,21,0,2,2,5,13.740556,70,90,4,5,4,4.749074,6,6.333333,6.166667,2,5134.26935,60,3.591667,4,17.325,30,2.148077,4,4,2.625,4.285714,4.333333,2.777778,30, , , , ,4.8725,0.071429,0.166667,0.1,0.2,0.4,0.3, , , ,0.071429,0.166667,0.1,78,0,6,2,13,1,3
129,0,19,0,3,1,2,14.318889,80,90,4,4,3,3.700926,3.166667,2.833333,5,3,2809.639525,75,2.778333,4,25.275,80,1.984295,3.7,2.888889,2.625,3.428571,3.333333,3.555556,60.4,3.455556,0.153846,0.285714,0.2,3.367778,0.230769,0.428571,0.3,0.125,0.5,0.25,0.1,0.285714,0.176471,0.1,0.428571,0.235294,211,0.03,12,4,17.58333333,1,5
131,0,19,0,3,1,1,9.959444,55,65,2,3,2,4.899074,4.5,4.666667,4.833333,3,4265.0853,67.5,4.511667,3.2,7.289167,20,1.458654,2.5,2.888889,3,3,2.888889,3.111111,41.8,2.091944,0.142857,0,0.1,1.595,0.142857,0,0.1,0.1,0,0.076923,0.111111,0,0.066667,0.222222,0,0.133333,50,0.06,4,0,12.5,1,3
132,0,19,1,3,2,2,18.850556,75,75,4,4,3,5.726852,6.333333,5,5.333333,1,4774.678825,70,4.17,4.3,37.37,68.75,2.736538,4.6,4.666667,3.75,4.428571,4.777778,3.666667,34.8, , , , ,9.2925,0.076923,0.428571,0.2,0.375,0.5,0.416667, , , ,0,0.428571,0.176471,204,0.03,17,1,12,1,5
133,1,19,1,2,1,5,9.009722,15,40,3,2,1,5.603704,2.666667,5,4.5,2,4852.180375,52.5,5.041667,2.6,1.853333,10,2.725962,2.7,2.888889,2.375,3.857143,4.333333,3.333333,6,4.776111,0.071429,0,0,6.668611,0.214286,0,0.15,0.2,0,0.1,0.071429,0,0,0.214286,0,0.15,48,0.19,3,1,16,1,5
134,0,21,1,2,2,3,22.7225,10,40,2,2,2,9.341667,4.666667,4,4.833333,3,6881.387625,47.5,6.1,4.3,45.405128,28.571429,4.024038,3.5,3.444444,3,3.285714,3.666667,3,46.6, , , , ,2.798056,0.071429,0,0.05,0.285714,0,0.2, , , ,0.071429,0,0.05,66,0,3,0,22,1,4
135,0,23,1,1,1,4,25.267222,80,85,4,5,5,11.22037,5,5,6.5,3,9053.5144,70,8.505,4.1,98.547222,42.857143,4.364103,4.5,4.333333,4.75,4.857143,4,4.888889,6,9.216389,0.25,0.25,0.25,9.068056,0.083333,0,0.05,0.571429,0.5,0.545455,0.181818,0.25,0.210526,0.090909,0,0.052632,213,0.01,6,2,35.5,1,3
136,0,18,0,1,2,5,18.425,60,80,4,4,3,5.090741,4.833333,3.833333,5.666667,3,4782.178975,77.5,3.805,3.3,30.536842,40,2.788462,3.5,3.222222,2.625,3.428571,2.333333,3,43.8, , , , ,7.035278,0,0,0,0.2,0,0.1, , , ,0,0,0,97,0.04,7,1,13.85714286,1,3
137,0,20,1,2,1,4,18.837778,80,90,3,4,3,4.786111,6.166667,6.166667,5.333333,0,4534.674025,80,5.92,3.9,31.245614,35,2.384615,4,3.333333,3.75,3.285714,4,3.111111,49.4,4.104167,0.5,0,0.3,5.6725,0.416667,0.25,0.35,0.714286,0.5,0.636364,0.454545,0,0.263158,0.363636,0.25,0.315789,195,0.07,15,0,13,1,5
138,0,18,1,2,2,2,18.381111,25,30,3,3,2,4.533333,3.666667,3.833333,6.5,3,4874.680825,65,4.44,3.1,58.458333,18.181818,2.675962,4.4,3.222222,4.5,4.285714,4.111111,4.111111,35.4, , , , ,4.899167,0,0.142857,0.05,0,0.5,0.166667, , , ,0,0.142857,0.058824,108,0.05,7,1,15.42857143,1,4
139,0,21,1,2,2,4,20.270278,60,80,3,3,2,6.159259,3,5.833333,6.833333,3,5994.28655,70,6.695,4.1,49.819697,25,2.910577,4.4,3,4.625,4.285714,4.222222,4.222222,41, , , , ,4.561944,0.166667,0,0.1,0.428571,0.75,0.545455, , , ,0.090909,0,0.052632,120,0.06,16,0,7.5,1,4
140,0,18,1,3,2,1,17.833056,70,60,3,4,3,4.819444,5.5,5.166667,5.833333,3,3017.56035,55,5.641666,3.5,39.262222,37.5,2.815705,4.5,3.555556,3.25,4,4.666667,3.555556,23.4, , , , ,3.316111,0.071429,0,0.05,0,0,0, , , ,0.111111,0,0.066667,38,0,1,1,38,1,4
141,0,18,1,1,1,5,19.961111,50,80,4,4,3,8.20463,4.666667,5.166667,5.166667,0,7890.1578,65,6.655,3,21.485,25,3.666667,3.5,3.333333,2.375,3.714286,3.222222,2.777778,33.2,5.547222,0.285714,0,0.2,5.09,0.214286,0,0.15,0.6,0.2,0.4,0.285714,0,0.2,0.214286,0,0.15,106,0,10,1,10.6,1,4
142,0,23,1,3,1,4,16.233611,10,25,3,4,2,3.712963,7,4.166667,7,0,3513.4036,92.5,3.461667,4.6,33.244118,88.888889,1.894551,4.7,4.555556,3.875,5,5,4.222222,16,7.489167,0.5,0.625,0.55,14.337778,0.583333,0.125,0.4,0,0,0,0.727273,0.625,0.684211,0.636364,0.125,0.421053,67,0.06,1,1,67,1,5
143,0,18,1,3,2,3,19.919722,70,80,3,4,3,5.82037,4.166667,5.333333,6.666667,3,5693.863875,70,5.225,3.4,45.711538,35.714286,2.777244,4,3.222222,3.75,3.714286,4.111111,2.777778,37.2, , , , ,4.652778,0.071429,0,0.05,0.142857,0.333333,0.2, , , ,0.071429,0,0.05,174,0.05,18,3,9.666666667,1,5
144,0,21,1,3,2,5,15.060833,50,50,3,3,4,3.309259,5.833333,4.666667,6,3,3347.983625,75,2.613333,4.4,27.435833,5,1.868269,3.4,3.777778,3,4,4,2.888889,48.2, , , , ,2.887222,0.071429,0,0.05,0.2,0.4,0.3, , , ,0.071429,0,0.05,113,0.04,10,0,11.3,2,5
145,0,19,1,1,1,1,19.941111,70,100,4,3,3,6.257407,3.166667,5.833333,5.833333,0,5103.4354,77.5,6.388333,4.3,46.238889,69.230769,3.134615,3.7,2.666667,3.25,3.857143,3.333333,3.111111,31.4,6.441111,0.357143,0.5,0.4,16.534167,0.285714,0.666667,0.4,0,0.666667,0.153846,0.444444,0.5,0.466667,0.444444,0.666667,0.533333,40,0.18,5,0,8,2,4
146,0,21,0,2,1,2,15.898333,50,55,4,3,3,6.209259,5.333333,4.833333,7,3,4753.4284,65,3.991667,4.1,20.534167,30,2.919231,3.9,3.888889,3.375,4.428571,4.333333,4.444444,41,4.579167,0.076923,0.285714,0.15,7.168889,0.153846,0.285714,0.2,0,0.25,0.083333,0,0.285714,0.117647,0.1,0.285714,0.176471,96,0.08,7,3,13.71428571,1,4
147,0,18,1,3,2,4,13.019167,80,100,4,4,4,2.933333,4.5,4.166667,5.333333,3,3480.0696,75,2.3,3.9,22.440833,55,1.697756,4.1,3.777778,4.125,4.142857,4.111111,4.444444,41.8, , , , ,3.676389,0.416667,0.125,0.3,0.428571,0.5,0.454545, , , ,0.363636,0.125,0.263158,137,0.04,9,2,15.22222222,1,4
148,0,21,1,1,1,3,13.691111,70,70,4,3,4,3.323148,4.666667,4.5,6.166667,3,2799.22265,60,2.698333,3.6,24.901667,45,1.693269,3.2,3.333333,3.25,3.857143,3.555556,3.888889,57.8,2.865278,0.5,0.5,0.5, , , , ,0.714286,0.333333,0.6,0.5,0.5,0.5, , , ,83,0,10,0,8.3,1,3
149,0,22,1,1,2,2,21.596111,50,60,3,4,2,5.744444,3.166667,4.833333,4.666667,2,7970.576075,67.5,7.465,2.7,46.686111,38.461538,2.7,3,2,3.625,3.142857,3.222222,3.888889,39.4, , , , ,8.806667,0.307692,0.142857,0.25,0.5,0,0.333333, , , ,0.1,0.142857,0.117647,121,0.02,11,1,11,1,3
150,0,21,1,2,1,3,17.652222,90,95,4,4,4,4.787037,4.166667,5.333333,3.833333,2,4361.337225,75,3.553333,4.2,42.142857,73.333333,2.263141,3.9,2.777778,5,4.714286,4.333333,3.222222,47,3.151667,0.428571,0.166667,0.35,3.766667,0.285714,0.333333,0.3,0.428571,0.333333,0.4,0.428571,0.166667,0.35,0.285714,0.333333,0.3,265,0.05,31,1,8.548387097,2,4
151,0,22,1,3,1,1,18.191944,45,55,3,3,3,6.049074,5.166667,3.5,6.166667,3,4235.0847,62.5,4.138333,3.8,34.094118,22.222222,2.174039,3.9,3.777778,3.75,4,4.444444,3.777778,44.6,4.775278,0.357143,0.166667,0.3,4.217778,0.214286,0.166667,0.2,0.2,0,0.153846,0.444444,0.166667,0.333333,0.333333,0.166667,0.266667,62,0.05,2,1,31,2,4
152,0,20,0,3,2,4,15.877778,80,95,5,5,5,3.419444,5.833333,1.666667,7,3,3725.0745,85,2.456667,4.7,35.065686,88.888889,1.958013,4.2,4.111111,3.875,4.428571,4.444444,3.888889,81.8, , , , ,4.833889,0.333333,0.25,0.3,0.571429,0.25,0.454545, , , ,0.272727,0.25,0.263158,171,0.05,6,0,28.5,2,5
153,0,24,0,1,1,4,14.033889,40,40,4,3,2,4.396296,5.666667,3.666667,4.833333,1,3401.318025,75,4.426667,4,22.440833,50,2.197756,2.9,2.222222,2.625,3.714286,2.666667,3.555556,59.8,4.028333,0.666667,0.125,0.45,3.898889,0.583333,0.25,0.45,0.142857,0,0.090909,0.636364,0.125,0.421053,0.545455,0.25,0.421053,48,0.06,4,0,12,1,4
154,0,19,1,2,2,4,20.426389,85,90,3,5,3,5.294444,5,6.166667,5.166667,2,6436.7954,72.5,4.856667,3.4,70.835417,88.888889,3.317949,3,3.444444,3.875,4,3.444444,3.444444,33.6, , , , , , , , ,0.428571,0.75,0.545455, , , , , , ,202,0.07,24,0,8.416666667,1,3
155,0,22,1,2,1,3,26.415833,50,70,3,4,3,9.212963,2.5,5.333333,5.833333,3,10675.2135,62.5,9.118334,3.9,48.866667,33.333333,3.7,4,3.444444,3.625,4.428571,4.444444,4.444444,79.8,9.303611,0.214286,0,0.15,10.769167,0.285714,0.166667,0.25,0.142857,0,0.1,0.214286,0,0.15,0.285714,0.166667,0.25,158,0,15,0,10.53333333,1,3
156,0,18,1,1,1,3,20.842778,70,70,2,3,3,5.484259,6,5.333333,5.833333,3,6646.382925,60,5.803333,2.9,48.281945,46.153846,2.785897,4.3,3.888889,3.25,3.714286,4.111111,3.222222,34.6,7.271389,0.357143,0.166667,0.3,5.0575,0.428571,0,0.3,0.428571,0.333333,0.4,0.357143,0.166667,0.3,0.428571,0,0.3,154,0.04,12,0,12.83333333,1,5
157,0,18,1,2,2,2,10.976944,30,70,4,4,3,4.146296,6.5,5.166667,6.5,0,2915.89165,52.5,2.113333,3.8,16.455833,15,1.620192,3.2,2.777778,2.125,3,3.888889,2.222222,59.8, , , , ,4.178611,0.076923,0.285714,0.15,0.5,0.75,0.583333, , , ,0,0.285714,0.117647,341,0.08,19,2,17.94736842,1,4
158,0,28,0,2,1,2,19.747222,30,70,4,2,2,5.872222,2.333333,1.833333,5.5,3,6453.4624,82.5,4.965,3.9,50.628788,50,2.647436,4.2,3.555556,4.375,3.857143,3.666667,4,41,9.171944,0.461538,0.714286,0.55,8.432222,0.692308,0.714286,0.7,0.25,0.5,0.333333,0.5,0.714286,0.588235,0.6,0.714286,0.647059,140,0.03,10,3,14,1,4
159,0,19,1,2,1,4,18.621389,60,75,3,5,4,4.82037,6,5.166667,6,0,5268.855375,57.5,3.886667,3.4,37.791111,43.75,2.121795,3.8,3.666667,2.75,4,3.444444,2.777778,45.8,7.865278,0.416667,0.125,0.3,5.938889,0.25,0.125,0.2,0.142857,0.25,0.181818,0.363636,0.125,0.263158,0.181818,0.125,0.157895,172,0.09,13,1,13.23076923,1,4
160,0,32,0,3,1,3,23.477222,65,80,3,5,3,9.598148,1.5,2.166667,4.833333,3,9286.435725,67.5,5.003333,4.9,79.045238,62.5,3.157372,3.6,3.444444,2.5,3.428571,2.777778,3.666667,29,6.700833,0.428571,0.333333,0.4,7.514167,0.357143,0.333333,0.35,0.285714,0.666667,0.4,0.428571,0.333333,0.4,0.357143,0.333333,0.35,189,0.03,13,0,14.53846154,1,3
161,0,18,1,3,2,3,18.089722,80,100,4,5,4,4.578704,2.833333,4.666667,6.5,3,4197.167275,82.5,4.793333,3.8,31.015789,55,2.539744,3.8,2.444444,2.875,4.142857,3.333333,3.444444,29.6, , , , ,8.255556,0.285714,0,0.2,0.428571,0.333333,0.4, , , ,0.285714,0,0.2,134,0.03,5,0,26.8,2,4
162,0,18,1,1,1,1,18.818889,45,80,3,4,3,5.798148,3.166667,5.5,4.333333,2,4029.663925,77.5,3.841667,3,52.810606,41.666667,2.803846,2.6,2.777778,2.625,3,3.111111,2.555556,40.2,4.629444,0.5,0.166667,0.4,3.575278,0.285714,0.666667,0.4,0.5,0.666667,0.538462,0.666667,0.166667,0.466667,0.555556,0.333333,0.466667,184,0.05,11,0,16.72727273,1,3
163,0,18,1,2,2,3,17.556944,45,60,3,3,3,4.684259,5.5,5.5,5.5,0,3552.57105,62.5,5.158333,3.2,36.643333,37.5,2.407051,3.4,3.222222,3.125,3.857143,4,3.444444,38.8, , , , ,5.977778,0.214286,0,0.15,0.142857,0,0.1, , , ,0.214286,0,0.15,166,0.04,21,0,7.904761905,2,4
164,0,18,1,1,2,2,14.2625,90,90,4,4,3,5.626852,5.666667,6,5.666667,2,5110.518875,65,3.415,3.7,18.995833,30,2.080449,3.4,4.111111,2.375,4.285714,4,2.666667,33.2, , , , ,9.9275,0.076923,0.142857,0.1,0.25,0.25,0.25, , , ,0,0.142857,0.058824,91,0.13,8,0,11.375,1,4
165,0,18,0,2,2,1,21.553333,70,90,4,5,4,7.087037,5,6.333333,6,2,6835.553375,72.5,7.018333,3.8,51.65,58.333333,3.184936,4.2,3.666667,2.875,4.142857,4.555556,3.666667,36.4, , , , ,6.139722,0.214286,0.333333,0.25,0.7,0.666667,0.692308, , , ,0.333333,0.333333,0.333333,344,0.21,29,0,11.86206897,2,5
166,0,20,1,1,1,2,17.712222,50,100,3,4,3,5.235185,3.833333,3.833333,6.166667,3,3994.663225,70,3.8,4.1,32.800926,31.578947,1.746795,4.2,3.666667,3.75,3.571429,3.666667,4,15.8,6.745556,0.153846,0.285714,0.2,7.840278,0.153846,0.571429,0.3,0.125,0.75,0.333333,0.1,0.285714,0.176471,0.1,0.571429,0.294118,128,0.05,11,4,11.63636364,2,5
167,0,18,1,1,1,5,16.141389,45,70,2,5,4,5.065741,3.333333,5,6,3,4481.7563,55,3.678333,3.7,25.66,40,2.533974,3.9,3.777778,3.375,4,4,3.333333,41.8,3.557222,0.142857,0,0.1,4.049444,0.071429,0,0.05,0.4,0.2,0.3,0.142857,0,0.1,0.071429,0,0.05,193,0.03,10,6,19.3,1,3
168,0,24,0,1,2,1,15.636944,60,70,4,5,2,7,3.833333,5.5,6.333333,3,4305.502775,60,4.911667,3.6,19.54,15,2.876923,3.3,3.333333,1.75,4,4,1.444444,32.6, , , , ,4.558333,0.285714,0.166667,0.25,0.2,0,0.153846, , , ,0.444444,0.166667,0.333333,119,0.03,4,6,29.75,3,3
169,0,19,1,3,2,5,27.876389,60,80,4,5,3,12.997222,6,5.833333,5.666667,1,8631.8393,62.5,13.831667,3.8,81.180952,62.5,5.306731,4.2,4.222222,3,4,3,3.333333,27.2, , , , ,14.958889,0.285714,0.166667,0.25,0,0,0, , , ,0.285714,0.166667,0.25,49,0.22,2,0,24.5,4,5
170,0,21,1,1,2,3,14.015278,75,80,3,4,3,4.465741,3.5,6,6.333333,3,3548.820975,60,3.376667,4.4,22.586667,30,2.076282,4.3,3.333333,4,3.571429,4.333333,3.666667,40.4, , , , ,2.745556,0.285714,0,0.2,0.428571,0.666667,0.5, , , ,0.285714,0,0.2,280,0.01,15,0,18.66666667,1,5
171,0,19,1,1,2,5,7.345833,40,40,2,3,3,3.665741,6.333333,5.833333,6.833333,3,2497.133275,65,2.513333,3.5,5.503333,10,1.896474,3.7,3.666667,3.25,3.571429,3.777778,3.555556,45.8, , , , ,2.130278,0.071429,0,0.05,0.2,0,0.1, , , ,0.071429,0,0.05,82,0.06,2,2,41,2,4
172,0,18,1,3,1,4,8.593333,50,80,4,5,4,4.998148,5.666667,6.166667,4.333333,2,3937.57875,72.5,4.298333,3.7,3.9825,25,2.375,3.6,3.333333,2.625,4.142857,4.555556,2.555556,45.8,4.293333,0.583333,0.25,0.45,3.302222,0.583333,0.125,0.4,0.428571,0,0.272727,0.545455,0.25,0.421053,0.545455,0.125,0.368421,85,0,5,2,17,2,5
173,0,19,1,2,1,1,22.248056,20,75,3,1,2,7.855556,3.333333,4.5,4,2,8105.578775,62.5,7.091667,3,37.253125,41.176471,2.888462,3.6,3.222222,2.375,4.285714,3.888889,2.555556,97.6,5.704444,0.285714,0,0.2,3.983056,0.285714,0,0.2, , , ,0.444444,0,0.266667,0.444444,0,0.266667, , , , , ,1,3
174,0,19,1,3,2,2,21.779444,45,50,3,4,3,7.101852,4.5,5.666667,5.666667,0,8167.246675,55,5.636667,3.6,64.505556,60,2.659936,4.2,2.666667,3.375,3.857143,3.111111,3.888889,33.2, , , , ,17.299444,0.153846,0.714286,0.35,0.25,0.5,0.333333, , , ,0,0.714286,0.294118,119,0.03,7,1,17,1,5
175,0,19,1,2,1,5,17.018611,75,50,5,5,4,4.837037,5.833333,5.666667,5.5,1,4132.999325,65,2.675,4.2,57.366667,27.272727,1.869231,4.5,3.444444,3.375,3.857143,4.222222,3.555556,43,5.999444,0.142857,0.166667,0.15,5.694444,0.071429,0,0.05,0.8,0.4,0.6,0.142857,0.166667,0.15,0.071429,0,0.05,265,0.09,24,1,11.04166667,1,5
176,0,19,0,3,1,2,17.488611,70,90,4,5,4,4.87037,6.166667,5.5,6,1,3934.662025,77.5,5.071667,3.6,57.636667,45.454545,2.373397,4.4,4.444444,2.375,3.714286,3.777778,4.111111,53.6,5.453333,0.538462,0.428571,0.5,3.310833,0.461538,0.285714,0.4,0.25,0,0.166667,0.5,0.428571,0.470588,0.4,0.285714,0.352941,107,0.07,5,3,21.4,1,4
177,0,19,1,3,2,1,19.314167,83,80,4,5,4,4.603704,6.5,6.5,6.333333,0,5244.27155,77.5,4.965,4,35.278431,83.333333,3.162821,4,3.555556,3.625,3.571429,3.555556,2.333333,54.8, , , , ,5.439444,0.357143,0.666667,0.45,0.3,0.333333,0.307692, , , ,0.444444,0.666667,0.533333,249,0.01,14,2,17.78571429,2,5
178,0,21,1,3,1,5,19.058333,60,60,3,5,4,5.888889,5.833333,5.166667,6.166667,3,5372.60745,65,6.231667,3.2,41.069048,20,2.485257,4,4,3.5,4.428571,4.777778,3.777778,35.4,4.543611,0.214286,0,0.15,6.216667,0.142857,0,0.1,0.6,0,0.3,0.214286,0,0.15,0.142857,0,0.1,137,0.04,13,0,10.53846154,1,4
179,0,19,1,1,2,4,18.430556,50,60,4,4,3,5.815741,5.5,6.5,5.333333,2,5504.27675,70,4.773333,3.1,29.455833,35,2.121154,3.9,3.444444,2.75,4,4,2.666667,0, , , , ,12.148611,0.333333,0.375,0.35,0.428571,0.25,0.363636, , , ,0.272727,0.375,0.315789,117,0.09,10,0,11.7,1,3
180,0,19,1,2,2,5,18.660833,45,60,3,3,3,5.467593,6.333333,3.833333,6.333333,0,4630.509275,65,3.581667,4,50.224242,25,2.839423,4.1,3.888889,3.75,4.142857,3.777778,3.555556,50.4, , , , ,3.624167,0.071429,0,0.05,0,0.2,0.1, , , ,0.071429,0,0.05,126,0.16,8,2,15.75,2,5
181,0,20,1,3,2,2,11.578056,70,85,5,5,3,3.728704,6,5.666667,6.666667,3,3365.483975,72.5,3.055,4.3,17.901667,20,1.785897,4.8,4.555556,3.125,4.142857,4.111111,3.666667,54.8, , , , ,9.664167,0.153846,0.142857,0.15,0.125,0.5,0.25, , , ,0,0.142857,0.058824,91,0.04,10,0,9.1,1,5
182,0,20,1,2,1,4,18.225,75,80,4,5,4,4.887963,2,5.5,7,3,4290.502475,62.5,5.671667,3.8,42.855952,33.333333,2.441346,4.1,3,3.75,4,3.888889,4.111111,47.8,5.934722,0.333333,0.5,0.4,5.386111,0.25,0.25,0.25,0.571429,0.5,0.545455,0.272727,0.5,0.368421,0.181818,0.25,0.210526,265,0.04,17,0,15.58823529,1,5
183,0,20,1,1,2,3,19.542778,60,90,4,4,3,6.158333,4,3,6.666667,3,6206.7908,70,4.366667,3.6,38.342222,31.25,2.046795,4.2,4.555556,3.25,3.857143,3.333333,3.333333,38.4, , , , ,4.215,0.214286,0,0.15,0.285714,0.333333,0.3, , , ,0.214286,0,0.15,43,0,7,0,6.142857143,1,5
184,0,19,0,1,1,3,15.856944,80,100,5,4,4,4.727778,6.333333,4,6,1,3952.57905,72.5,3.501667,4.3,26.663333,50,2.169872,3.6,3.777778,3.25,4,3.333333,3.888889,64,2.773333,0.214286,0.166667,0.2,2.883611,0.142857,0.5,0.25,0.285714,0.666667,0.4,0.214286,0.166667,0.2,0.142857,0.5,0.25,195,0.02,2,1,97.5,1,5
185,0,24,1,1,2,5,19.063056,55,90,4,2,3,5.730556,5,4,7,3,3910.91155,40,4.361667,3,60.438889,40,3.063462,4.2,4.222222,3.375,4.428571,3.888889,3.222222,39.6, , , , ,2.049722,0,0,0,0.4,0,0, , , ,0,0,0,146,0.03,8,3,18.25,1,5
186,0,18,1,1,2,2,17.830278,60,85,4,5,4,4.496296,6,4.666667,5.5,1,4365.503975,77.5,4.511667,4,29.444737,55,2.309615,4.8,4.444444,3.625,4.285714,4.555556,3,63.6, , , , ,8.322222,0.384615,0.714286,0.5,0.25,0.5,0.333333, , , ,0.4,0.714286,0.529412,211,0.02,13,2,16.23076923,1,5
187,0,19,1,3,1,4,20.3625,75,85,3,5,3,8.203704,5.666667,5.333333,5,1,4822.179775,72.5,5.146667,3.5,43.161538,35.714286,3.649039,3.7,3.555556,2.625,3.714286,3.777778,2.555556,98.8,3.003889,0.583333,0.125,0.4,3.111111,0.75,0,0.45,0.571429,0.25,0.454545,0.545455,0.125,0.368421,0.727273,0,0.421053,138,0.04,11,2,12.54545455,1,5
188,0,18,1,2,2,1,19.031389,90,90,5,5,4,5.698148,4.333333,5.5,7,3,6207.62415,77.5,4.598333,4.4,32.926471,27.777778,2.508333,4.9,4.555556,4.125,5,4.555556,3.888889,0, , , , ,8.149444,0.285714,0.166667,0.25,0.4,1,0.538462, , , ,0.333333,0.166667,0.266667,400,0.27, , , ,1,5
189,0,19,1,2,2,5,21.554722,90,95,3,4,1,7.022222,5.666667,4.666667,6.166667,3,7833.49,62.5,7.451667,2.6,43.758974,50,2.909295,4.5,2.777778,5,4.142857,4.444444,4.333333,34.2, , , , ,6.680278,0.071429,0.166667,0.1,0.4,0.6,0.5, , , ,0.071429,0.166667,0.1,173,0.07,11,4,15.72727273,1,5
190,0,23,1,1,1,4,23.599167,70,70,4,4,3,7.767593,4.833333,5,6,3,14243.6182,80,5.6,4,21.833334,15,3.334936,2.9,3.333333,2.75,3.285714,3.888889,2.444444,3.8,5.754722,0.166667,0.125,0.15,4.226389,0.166667,0.125,0.15,0.714286,0.75,0.727273,0.090909,0.125,0.105263,0.090909,0.125,0.105263,128,0.08,11,0,11.63636364,2,3
191,0,19,1,3,1,3,18.790833,60,80,3,4,4,5.758333,6.333333,6.666667,7,3,4576.7582,57.5,4.203333,4.4,46.140278,38.461538,2.573077,4.5,2.888889,3.875,4.428571,4.666667,3.111111,37.4,5.0675,0.214286,0,0.15,4.237222,0.214286,0,0.15,0.285714,0.333333,0.3,0.214286,0,0.15,0.214286,0,0.15,88,0.13,8, ,11,4,4
192,0,21,1,3,2,4,24.600278,60,80,4,5,4,8.326852,4.5,4.333333,4.666667,3,9183.933675,55,6.601667,3.1,56.13,18.181818,3.507692,4.1,3.444444,3.75,3.857143,4.333333,3.333333,109.4, , , , ,8.748611,0.25,0,0.15,0.428571,0.25,0.363636, , , ,0.181818,0,0.105263,125,0.06,10,4,12.5,1,4
193,0, ,1,1,1,2,5.3375,60,80,3,2,3,5.989815,5.5,4.666667,5,1,1630.449275,27.5,2.07,3.4,1.285,25,1.76891,3,4.555556,1.375,4.571429,3.777778,2.333333,0,1.8925,0,0,0,1.070278,0,0,0,0,0.25,0.083333,0,0,0,0,0,0,94,0,0,0, ,1,5
207,0,18,1,2,2,2,17.354444,40,50,3,4,3,6.228704,5.5,5.5,5.666667,3,4009.24685,70,2.51,4,43.241026,21.428571,1.896154,4.1,3.777778,4.375,4,4,4,48.4, , , , ,3.270833,0,0,0,0.25,0.25,0.25, , , ,0,0,0,165,0.04,10,5,16.5,1,5
208,0,18,1,2,1,3,21.0475,80,90,4,4,3,6.141667,4.666667,4,7,3,7908.4915,67.5,4.763334,4.5,52.616667,58.333333,2.873397,4.4,3.555556,3.75,4.428571,4.555556,3.333333,33,8.268056,0.285714,0.5,0.35,6.405278,0.214286,0.333333,0.25,0.285714,1,0.5,0.285714,0.5,0.35,0.214286,0.333333,0.25,263,0.03,23,1,11.43478261,1,5
209,0,18,1,1,2,1,12.583611,90,90,4,5,4,3.75,6.666667,6,7,3,3680.0736,55,2.851667,4.6,19.065,25,1.7,4,3.777778,3,3.714286,4.111111,3.333333,33.8, , , , ,3.020278,0.142857,0,0.1,0.5,0,0.384615, , , ,0.111111,0,0.066667,99,0.04,9,3,11,1,3
